<?xml version="1.0"?>

<!DOCTYPE document SYSTEM "allegdoc.dtd">

<!-- $Id: example.xml,v 1.9 2002/10/13 21:48:11 stepan Exp $ -->

<document>
 <title>TITLE</title>

 <chapter>
 <title>API</title>

 <api-section>
  
  <function id="makecol">

   <name>makecol</name>
   <return-value><type>int</type></return-value>

   <argument-list>
    <argument>
     <name>r</name>
     <type>int</type>
    </argument>
    <argument>
     <name>g</name>
     <type>int</type>
    </argument>
    <argument>
     <name>b</name>
     <type>int</type>
    </argument>
   </argument-list>

   <cross-refs>
    <cross-ref ref="makecol">this is a cross reference</cross-ref>
   </cross-refs>
   
   <description>
    <para>Given red, green and blue components (in the range 0-255, 0 being
     minimum intensity and 255 being maximum), returns an integer
     representing the specified color in the current color depth.</para>
   </description>

  </function>
  
  <variable const="true">

   <name>radtofix_r</name>
   <type>fix</type>
   
   <cross-refs>
    <cross-ref ref="fixtorad_q">fixtorad_q</cross-ref>
    <cross-ref ref="fixmul">fixmul</cross-ref>
    <cross-ref ref="fixed_section">Fixed Point Math</cross-ref>
   </cross-refs>

   <description>
    <para>Multiplying a fixed point number in radians format by this ratio
     will convert it into a format suitable for use with the
     <link ref="fixed_trig_section">fixed point trig</link> functions.
    </para>
   </description>

  </variable>
  
  <typedef>
   
   <name>BITMAP</name>
   
   <!-- the struct element is optional -->
   <struct>
    <member><name>w</name><type>int</type></member>
    <member><name>h</name><type>int</type></member>
    <member const="true"><name>vtable</name><type>GFX_VTABLE*</type></member>
   </struct>
   
   <cross-refs>
    <cross-ref ref="RLE_SPRITE">RLE_SPRITE</cross-ref>
   </cross-refs>
   
   <description>
    <para>Allegro's BITMAP type.</para>
   </description>

  </typedef>

 </api-section>

 <!-- for cross-references -->
 <api-section id="fixed_section">
   <function id="fixtorad_q">
     <name>fixtorad_q</name>
     <return-value><type/></return-value>
     <argument-list/>
     <description/>
   </function>
   <function id="fixmul">
     <name>fixmul</name>
     <return-value><type/></return-value>
     <argument-list/>
     <description/>
   </function>
   <typedef id="RLE_SPRITE">
     <name>RLE_SPRITE</name>
     <description/>
   </typedef>
 </api-section>
 <api-section id="fixed_trig_section"/>

 </chapter>

</document>
